ImageFilePath,ScientificName,Pred_NaiveBayes,Pred_LogisticRegression,Pred_NearestNeighbor,Pred_MLP_Baseline
database/4475188/d188s0013.jpg,Ophonus cordatus,Ophonus cordatus,Ophonus cordatus,Ophonus cordatus,Ophonus cordatus
database/5873271/d214s0028.jpg,Microlestes maurus,Bembidion nigricorne,Microlestes maurus,Acupalpus brunnipes,Acupalpus brunnipes
database/7642452/d116s0293.jpg,Pterostichus oblongopunctatus,Nebria salina,Pterostichus oblongopunctatus,Nebria brevicollis,Pterostichus oblongopunctatus
database/8019310/d119s0249.jpg,Pterostichus gracilis,Pterostichus melanarius,Pterostichus melanarius,Pterostichus anthracinus,Pterostichus anthracinus
database/4478842/d086s0109.jpg,Bembidion quadripustulatum,Elaphropus bistriatus,Bembidion doris,Dyschirius obscurus,Bembidion lampros
database/4480315/d213s0300.jpg,Philorhizus melanocephalus,Philorhizus melanocephalus,Philorhizus melanocephalus,Bembidion femoratum,Philorhizus melanocephalus
database/4474169/d141s0056.jpg,Paranchus albipes,Paranchus albipes,Paranchus albipes,Paranchus albipes,Paranchus albipes
database/1036789/d012s0134.jpg,Carabus granulatus,Carabus clatratus,Carabus granulatus,Carabus arvensis,Carabus granulatus
database/5755027/d154s0209.jpg,Agonum nigrum,Agonum gracile,Agonum nigrum,Agonum gracile,Agonum emarginatum
database/5872129/d076s0318.jpg,Bembidion decorum,Bembidion decorum,Bembidion decorum,Bembidion decorum,Bembidion decorum
database/1035551/d049s0232.jpg,Elaphrus riparius,Elaphrus riparius,Elaphrus riparius,Elaphrus riparius,Elaphrus riparius
database/7888598/d058s0292.jpg,Aepopsis robinii,Aepopsis robinii,Aepopsis robinii,Aepopsis robinii,Aepopsis robinii
database/9251010/d173s0022.jpg,Harpalus rufipes,Harpalus rufipes,Harpalus rufipes,Harpalus rufipes,Harpalus rufipes
database/7641814/d110s0207.jpg,Pterostichus madidus,Pterostichus madidus,Pterostichus madidus,Harpalus rufipalpis,Pterostichus anthracinus
database/4988354/d133s0174.jpg,Calathus melanocephalus,Calathus melanocephalus,Calathus melanocephalus,Miscodera arctica,Calathus melanocephalus
database/4308801/d078s0125.jpg,Bembidion maritimum,Ocys quinquestriatus,Bembidion bualei,Bembidion bualei,Bembidion dentellum
database/5873357/d201s0166.jpg,Chlaenius vestitus,Harpalus affinis,Chlaenius vestitus,Chlaenius vestitus,Chlaenius vestitus
database/6097912/d180s0060.jpg,Harpalus pumilus,Harpalus pumilus,Harpalus pumilus,Harpalus pumilus,Harpalus pumilus
database/5716406/d055s0007.jpg,Dyschirius salinus,Dyschirius salinus,Dyschirius salinus,Dyschirius salinus,Dyschirius salinus
database/6097882/d073s0121.jpg,Bembidion atrocaeruleum,Bembidion lunulatum,Bembidion bipunctatum,Bembidion bipunctatum,Bembidion bipunctatum
database/1035167/d162s0119.jpg,Amara lunicollis,Amara lunicollis,Amara lunicollis,Amara lunicollis,Amara lunicollis
database/4473834/d030s0131.jpg,Leistus fulvibarbis,Paranchus albipes,Ophonus schaubergerianus,Harpalus pumilus,Paranchus albipes
database/5755066/d155s0369.jpg,Agonum versutum,Agonum versutum,Agonum versutum,Agonum versutum,Agonum versutum
database/5873271/d214s0232.jpg,Microlestes maurus,Microlestes maurus,Microlestes maurus,Microlestes maurus,Microlestes maurus
database/1035195/d161s0448.jpg,Amara familiaris,Amara familiaris,Amara familiaris,Amara anthobia,Amara familiaris
database/1036154/d090s0208.jpg,Bembidion guttula,Bembidion guttula,Bembidion guttula,Bembidion fumigatum,Bembidion guttula
database/6097867/d101s0109.jpg,Bembidion mannerheimii,Bembidion mannerheimii,Bembidion mannerheimii,Bembidion semipunctatum,Bembidion mannerheimii
database/6097869/d089s0090.jpg,Bembidion biguttatum,Bembidion tetracolum,Bembidion fumigatum,Bembidion assimile,Bembidion tetracolum
database/5755978/d195s0156.jpg,Bradycellus sharpi,Bradycellus sharpi,Bradycellus sharpi,Bradycellus verbasci,Bradycellus sharpi
database/5755044/d152s0023.jpg,Agonum ericeti,Agonum ericeti,Agonum ericeti,Agonum ericeti,Agonum ericeti
database/5716411/d102s0164.jpg,Pogonus littoralis,Pogonus littoralis,Pogonus littoralis,Pogonus littoralis,Pogonus littoralis
database/7840196/d120s0240.jpg,Pterostichus minor,Harpalus neglectus,Harpalus neglectus,Pterostichus minor,Pterostichus minor
database/7683246/d063s0009.jpg,Tachys micros,Tachys micros,Tachys micros,Aepopsis robinii,Tachys micros
database/5755986/d194s0708.jpg,Bradycellus ruficollis,Bradycellus caucasicus,Bradycellus caucasicus,Bembidion obtusum,Bradycellus ruficollis
database/6097924/d184s0092.jpg,Harpalus tardus,Poecilus lepidus,Harpalus dimidiatus,Harpalus rufipalpis,Pterostichus melanarius
database/5753697/d106s0100.jpg,Poecilus cupreus,Poecilus cupreus,Poecilus cupreus,Poecilus cupreus,Poecilus cupreus
database/5872124/d087s0191.jpg,Bembidion articulatum,Bembidion guttula,Bembidion articulatum,Bembidion articulatum,Bembidion articulatum
database/4473795/d036s0247.jpg,Nebria salina,Nebria rufescens,Nebria rufescens,Nebria rufescens,Nebria rufescens
database/7419401/d185s0059.jpg,Harpalus tenebrosus,Harpalus tenebrosus,Harpalus tenebrosus,Harpalus rubripes,Harpalus tenebrosus
database/5755451/d128s0214.jpg,Calathus rotundicollis,Calathus rotundicollis,Calathus rotundicollis,Laemostenus complanatus,Cymindis axillaris
database/6097882/d073s0105.jpg,Bembidion atrocaeruleum,Bembidion lunulatum,Bembidion atrocaeruleum,Bembidion bualei,Bembidion bipunctatum
database/1036917/d190s0213.jpg,Anisodactylus binotatus,Anisodactylus binotatus,Anisodactylus binotatus,Anisodactylus binotatus,Anisodactylus binotatus
database/1035366/d103s0048.jpg,Patrobus septentrionis,Patrobus septentrionis,Patrobus septentrionis,Patrobus septentrionis,Patrobus septentrionis
database/5757207/d211s0264.jpg,Dromius agilis,Dromius meridionalis,Dromius agilis,Olisthopus rotundatus,Stomis pumicatus
database/6097926/d178s0086.jpg,Harpalus laevipes,Harpalus laevipes,Harpalus laevipes,Calathus ambiguus,Ophonus schaubergerianus
database/4308790/d192s0017.jpg,Dicheirotrichus obsoletus,Dicheirotrichus obsoletus,Dicheirotrichus obsoletus,Dicheirotrichus obsoletus,Dicheirotrichus obsoletus
database/5756945/d054s0258.jpg,Dyschirius tristis,Dyschirius tristis,Dyschirius nitidus,Platyderus depressus,Bembidion doris
database/5755293/d129s0097.jpg,Calathus ambiguus,Calathus melanocephalus,Calathus ambiguus,Calathus erratus,Calathus ambiguus
database/5716408/d052s0061.jpg,Dyschirius obscurus,Dyschirius obscurus,Dyschirius obscurus,Asaphidion flavipes,Dyschirius obscurus
database/6097926/d178s0007.jpg,Harpalus laevipes,Harpalus laevipes,Harpalus laevipes,Harpalus laevipes,Harpalus laevipes
database/4475127/d187s0063.jpg,Ophonus melletii,Bembidion tetracolum,Bembidion tetracolum,Amara similata,Bembidion tetracolum
database/1035194/d170s0011.jpg,Amara aulica,Amara aulica,Amara aulica,Amara fulva,Amara aulica
database/1036066/d071s0120.jpg,Bembidion semipunctatum,Bembidion obliquum,Bembidion semipunctatum,Bembidion semipunctatum,Bembidion semipunctatum
database/4478699/d064s0418.jpg,Asaphidion curtum,Bembidion laterale,Asaphidion flavipes,Asaphidion stierlini,Asaphidion flavipes
database/4476667/d061s0310.jpg,Trechus quadristriatus,Trechus obtusus,Trechus quadristriatus,Acupalpus flavicollis,Trechus obtusus
database/5716408/d052s0049.jpg,Dyschirius obscurus,Bembidion mannerheimii,Dyschirius obscurus,Agonum fuliginosum,Dyschirius nitidus
database/4475157/d186s0266.jpg,Ophonus laticollis,Ophonus rupicola,Ophonus laticollis,Ophonus puncticeps,Carabus nitens
database/4479890/d215s0458.jpg,Syntomus foveatus,Syntomus foveatus,Syntomus foveatus,Syntomus foveatus,Syntomus foveatus
database/5756368/d102s0313.jpg,Pogonus luridipennis,Pogonus luridipennis,Pogonus luridipennis,Pogonus luridipennis,Pogonus luridipennis
database/8417764/d120s0310.jpg,Pterostichus rhaeticus,Pterostichus rhaeticus,Pterostichus rhaeticus,Pterostichus rhaeticus,Pterostichus rhaeticus
database/4470765/d025s0024.jpg,Carabus violaceus,Carabus clatratus,Broscus cephalotes,Carabus arvensis,Carabus clatratus
database/8137203/d143s0102.jpg,Platynus assimilis,Platynus assimilis,Platynus assimilis,Platynus assimilis,Platynus assimilis
database/1036192/d088s0198.jpg,Bembidion obtusum,Bembidion obtusum,Bembidion obtusum,Acupalpus exiguus,Bembidion obtusum
database/4471235/d206s0187.jpg,Panagaeus bipustulatus,Panagaeus bipustulatus,Panagaeus bipustulatus,Panagaeus bipustulatus,Panagaeus bipustulatus
database/4471238/d206s0221.jpg,Panagaeus cruxmajor,Panagaeus cruxmajor,Panagaeus cruxmajor,Panagaeus cruxmajor,Panagaeus cruxmajor
database/4478842/d086s0125.jpg,Bembidion quadripustulatum,Bembidion guttula,Bembidion quadripustulatum,Bembidion assimile,Syntomus foveatus
database/5757310/d208s0605.jpg,Demetrias atricapillus,Demetrias atricapillus,Demetrias atricapillus,Demetrias atricapillus,Demetrias atricapillus
database/7708350/d121s0303.jpg,Pterostichus nigrita,Pterostichus nigrita,Pterostichus nigrita,Pterostichus nigrita,Pterostichus nigrita
database/9268484/d171s0127.jpg,Amara convexiusculus,Amara convexiusculus,Amara convexiusculus,Amara aulica,Amara convexiusculus
database/4308786/d063s0100.jpg,Tachys scutellaris,Tachys scutellaris,Tachys scutellaris,Bembidion lunulatum,Tachys scutellaris
database/1035542/d048s0023.jpg,Elaphrus lapponicus,Elaphrus lapponicus,Elaphrus lapponicus,Elaphrus lapponicus,Elaphrus lapponicus
database/7873810/d123s0161.jpg,Pterostichus diligens,Pterostichus diligens,Pterostichus diligens,Pterostichus diligens,Pterostichus anthracinus
database/6097869/d089s0367.jpg,Bembidion biguttatum,Bembidion atrocaeruleum,Bembidion deletum,Bembidion atrocaeruleum,Bembidion deletum
database/7613168/d109s0044.jpg,Pterostichus aethiops,Pterostichus aethiops,Pterostichus aethiops,Pterostichus aethiops,Pterostichus nigrita
database/5755079/d145s0279.jpg,Agonum fuliginosum,Agonum gracile,Agonum gracile,Agonum nigrum,Agonum nigrum
database/9581584/d135s0284.jpg,Calathus mollis,Calathus mollis,Calathus mollis,Calathus rotundicollis,Calathus mollis
database/5756874/d052s0090.jpg,Dyschirius thoracicus,Dyschirius globosus,Dyschirius thoracicus,Bembidion normannum,Dyschirius salinus
database/1036216/d068s0467.jpg,Bembidion lampros,Bembidion minimum,Bembidion lampros,Bembidion doris,Bembidion lampros
database/5756374/d102s0466.jpg,Pogonus chalceus,Pogonus littoralis,Pogonus luridipennis,Harpalus anxius,Pogonus littoralis
database/1035195/d161s0087.jpg,Amara familiaris,Amara curta,Amara familiaris,Amara aenea,Amara familiaris
database/8378220/d183s0142.jpg,Harpalus serripes,Harpalus serripes,Harpalus serripes,Harpalus tenebrosus,Harpalus serripes
database/5873214/d177s0140.jpg,Harpalus attenuatus,Harpalus neglectus,Harpalus attenuatus,Harpalus tenebrosus,Harpalus attenuatus
database/4470555/d021s0086.jpg,Carabus problematicus,Carabus problematicus,Carabus problematicus,Carabus problematicus,Carabus problematicus
database/1035185/d158s0314.jpg,Amara aenea,Amara eurynota,Amara eurynota,Amara eurynota,Amara eurynota
database/8563753/d164s0133.jpg,Amara ovata,Amara ovata,Amara ovata,Agonum nigrum,Amara ovata
database/1036066/d071s0121.jpg,Bembidion semipunctatum,Bembidion assimile,Bembidion semipunctatum,Bembidion assimile,Bembidion assimile
database/4308807/d072s0060.jpg,Bembidion ephippium,Bembidion ephippium,Bembidion ephippium,Bembidion ephippium,Bembidion ephippium
database/5872143/d066s0370.jpg,Bembidion litorale,Bembidion varium,Bembidion litorale,Bembidion semipunctatum,Bembidion aeneum
database/9268484/d171s0106.jpg,Amara convexiusculus,Amara convexiusculus,Amara convexiusculus,Amara aulica,Amara convexiusculus
database/4471113/d020s0009.jpg,Carabus glabratus,Carabus problematicus,Carabus glabratus,Carabus arvensis,Carabus glabratus
database/9346940/d040s0164.jpg,Notiophilus aquaticus,Bradycellus ruficollis,Bembidion lunulatum,Bembidion atrocaeruleum,Notiophilus biguttatus
database/6097872/d078s0467.jpg,Bembidion monticola,Bembidion monticola,Bembidion monticola,Bembidion atrocaeruleum,Bembidion monticola
database/8104778/d079s0281.jpg,Bembidion saxatile,Bembidion testaceum,Bembidion saxatile,Bembidion testaceum,Bembidion testaceum
database/4471235/d206s0165.jpg,Panagaeus bipustulatus,Panagaeus cruxmajor,Panagaeus cruxmajor,Panagaeus bipustulatus,Panagaeus cruxmajor
database/5755044/d152s0065.jpg,Agonum ericeti,Agonum ericeti,Agonum ericeti,Panagaeus cruxmajor,Agonum ericeti
database/4475685/d197s0102.jpg,Acupalpus brunnipes,Elaphropus bistriatus,Acupalpus brunnipes,Acupalpus brunnipes,Acupalpus brunnipes
database/4479895/d215s0488.jpg,Syntomus obscuroguttatus,Syntomus obscuroguttatus,Syntomus obscuroguttatus,Syntomus foveatus,Syntomus obscuroguttatus
database/4472858/d160s0271.jpg,Amara eurynota,Amara eurynota,Amara eurynota,Amara aulica,Amara eurynota
database/4473277/d156s0058.jpg,Zabrus tenebrioides,Zabrus tenebrioides,Zabrus tenebrioides,Harpalus smaragdinus,Zabrus tenebrioides
database/4479870/d215s0130.jpg,Syntomus truncatellus,Dyschirius globosus,Asaphidion flavipes,Bembidion lampros,Asaphidion flavipes
database/6097900/d006s0130.jpg,Cylindera germanica,Cylindera germanica,Cylindera germanica,Cylindera germanica,Cylindera germanica
database/6097871/d077s0161.jpg,Bembidion fluviatile,Bembidion fluviatile,Bembidion fluviatile,Bembidion fluviatile,Bembidion fluviatile
database/4475213/d187s0288.jpg,Ophonus azureus,Ophonus azureus,Ophonus azureus,Ophonus azureus,Ophonus azureus
database/5873218/d181s0214.jpg,Harpalus rubripes,Harpalus rubripes,Harpalus rubripes,Calathus ambiguus,Harpalus rubripes
database/5755203/d137s0031.jpg,Laemostenus complanatus,Bembidion obtusum,Laemostenus complanatus,Bembidion obtusum,Notiophilus palustris
database/4308815/d057s0130.jpg,Broscus cephalotes,Broscus cephalotes,Broscus cephalotes,Broscus cephalotes,Broscus cephalotes
database/6097906/d200s0089.jpg,Chlaenius nigricornis,Chlaenius nigricornis,Chlaenius nigricornis,Chlaenius nigricornis,Chlaenius nigricornis
database/4475846/d203s0115.jpg,Licinus punctatulus,Licinus punctatulus,Licinus punctatulus,Licinus punctatulus,Licinus punctatulus
database/4475846/d203s0010.jpg,Licinus punctatulus,Brachinus crepitans,Licinus punctatulus,Blethisa multipunctata,Poecilus lepidus
database/8600499/d166s0208.jpg,Amara tibialis,Amara tibialis,Amara tibialis,Amara anthobia,Amara tibialis
database/6097878/d076s0282.jpg,Bembidion deletum,Bembidion biguttatum,Bembidion biguttatum,Bembidion biguttatum,Bembidion biguttatum
database/1035204/d159s0301.jpg,Amara anthobia,Amara plebeja,Amara apricaria,Amara aenea,Amara familiaris
database/4308787/d038s0038.jpg,Nebria complanata,Nebria salina,Nebria complanata,Nebria complanata,Nebria complanata
database/7642452/d116s0152.jpg,Pterostichus oblongopunctatus,Pterostichus oblongopunctatus,Pterostichus oblongopunctatus,Pterostichus quadrifoveolatus,Pterostichus oblongopunctatus
database/5873525/d053s0486.jpg,Dyschirius aeneus,Dyschirius politus,Dyschirius aeneus,Dyschirius aeneus,Dyschirius aeneus
database/5872147/d083s0018.jpg,Bembidion gilvipes,Dyschirius globosus,Dyschirius globosus,Bembidion obtusum,Bembidion gilvipes
database/5756814/d065s0406.jpg,Ocys quinquestriatus,Bradycellus caucasicus,Ocys quinquestriatus,Bradycellus caucasicus,Ocys quinquestriatus
database/9206709/d149s0051.jpg,Agonum piceum,Agonum piceum,Agonum piceum,Agonum piceum,Agonum piceum
database/4475181/d188s0349.jpg,Ophonus rupicola,Ophonus rupicola,Ophonus rupicola,Ophonus rufibarbis,Ophonus rufibarbis
database/7856746/d117s0219.jpg,Pterostichus melanarius,Pterostichus melanarius,Pterostichus melanarius,Pterostichus nigrita,Pterostichus melanarius
database/8563753/d164s0225.jpg,Amara ovata,Amara apricaria,Amara similata,Amara similata,Amara similata
database/4476832/d062s0021.jpg,Trechoblemus micros,Trechoblemus micros,Trechoblemus micros,Calodromius spilotus,Trechoblemus micros
database/1036154/d090s0439.jpg,Bembidion guttula,Bembidion prasinum,Bembidion prasinum,Bembidion lunulatum,Dyschirius politus
database/5756874/d052s0186.jpg,Dyschirius thoracicus,Dyschirius politus,Dyschirius nitidus,Acupalpus flavicollis,Bradycellus ruficollis
database/8267077/d198s0381.jpg,Acupalpus dorsalis,Acupalpus dorsalis,Acupalpus dorsalis,Acupalpus dorsalis,Acupalpus dorsalis
database/5755079/d145s0380.jpg,Agonum fuliginosum,Agonum nigrum,Agonum nigrum,Amara plebeja,Bembidion doris
database/6097896/d043s0241.jpg,Notiophilus germinyi,Notiophilus palustris,Notiophilus germinyi,Notiophilus germinyi,Notiophilus germinyi
database/1036789/d012s0092.jpg,Carabus granulatus,Carabus glabratus,Carabus granulatus,Carabus glabratus,Carabus granulatus
database/4475707/d198s0261.jpg,Acupalpus exiguus,Acupalpus exiguus,Acupalpus exiguus,Acupalpus dubius,Acupalpus exiguus
database/8139233/d063s0466.jpg,Elaphropus walkerianus,Elaphropus walkerianus,Elaphropus walkerianus,Elaphropus walkerianus,Elaphropus walkerianus
database/4480271/d210s0135.jpg,Paradromius longiceps,Dicheirotrichus cognatus,Paradromius linearis,Bembidion articulatum,Paradromius linearis
database/4474974/d216s0098.jpg,Odacantha melanura,Elaphrus riparius,Odacantha melanura,Odacantha melanura,Odacantha melanura
database/4480348/d213s0418.jpg,Philorhizus notatus,Philorhizus notatus,Philorhizus notatus,Acupalpus dubius,Philorhizus notatus
database/4472900/d161s0265.jpg,Amara famelica,Amara eurynota,Amara famelica,Amara famelica,Amara famelica
database/5755027/d154s0215.jpg,Agonum nigrum,Agonum nigrum,Agonum nigrum,Agonum nigrum,Agonum nigrum
database/5755080/d147s0175.jpg,Agonum gracile,Agonum micans,Agonum versutum,Agonum fuliginosum,Agonum versutum
database/9479706/d066s0115.jpg,Bembidion laterale,Bembidion obliquum,Notiophilus germinyi,Bembidion laterale,Bembidion illigeri
database/5755339/d179s0254.jpg,Harpalus latus,Harpalus pumilus,Harpalus latus,Bembidion varium,Harpalus laevipes
database/5873211/d182s0020.jpg,Harpalus rufipalpis,Harpalus rufipalpis,Harpalus rufipalpis,Harpalus rufipalpis,Harpalus rufipalpis
database/4988207/d046s0093.jpg,Blethisa multipunctata,Elaphrus uliginosus,Blethisa multipunctata,Blethisa multipunctata,Blethisa multipunctata
database/4471071/d019s0021.jpg,Carabus nitens,Chlaenius nigricornis,Carabus nitens,Carabus nitens,Carabus nitens
database/4473617/d037s0096.jpg,Nebria rufescens,Nebria rufescens,Nebria rufescens,Nebria rufescens,Nebria rufescens
database/5757207/d211s0335.jpg,Dromius agilis,Bembidion normannum,Dromius agilis,Dromius agilis,Dromius agilis
database/4475794/d199s0114.jpg,Anthracus consputus,Anthracus consputus,Anthracus consputus,Anthracus consputus,Anthracus consputus
database/1037319/d060s0135.jpg,Trechus obtusus,Trechus obtusus,Trechus quadristriatus,Trechus quadristriatus,Trechus obtusus
database/4474780/d217s0038.jpg,Drypta dentata,Drypta dentata,Drypta dentata,Drypta dentata,Drypta dentata
database/8335452/d075s0316.jpg,Bembidion bualei,Bembidion bualei,Bembidion bualei,Bembidion bualei,Bembidion bualei
database/5872143/d066s0009.jpg,Bembidion litorale,Bembidion litorale,Bembidion litorale,Bembidion litorale,Bembidion litorale
database/5755562/d217s0085.jpg,Polistichus connexus,Polistichus connexus,Polistichus connexus,Polistichus connexus,Polistichus connexus
database/1036899/d051s0363.jpg,Clivina collaris,Clivina collaris,Clivina collaris,Clivina collaris,Clivina collaris
database/7856746/d117s0001.jpg,Pterostichus melanarius,Pterostichus melanarius,Pterostichus melanarius,Pterostichus aethiops,Pterostichus melanarius
database/4478679/d064s0554.jpg,Asaphidion stierlini,Asaphidion stierlini,Asaphidion stierlini,Asaphidion stierlini,Asaphidion stierlini
database/4480480/d005s0076.jpg,Cicindela sylvatica,Cicindela sylvatica,Cicindela sylvatica,Cicindela hybrida,Cicindela sylvatica
database/4308805/d100s0072.jpg,Bembidion iricolor,Bembidion iricolor,Bembidion iricolor,Bembidion atrocaeruleum,Bembidion iricolor
database/5757308/d208s0699.jpg,Demetrias monostigma,Bradycellus ruficollis,Bembidion maritimum,Bembidion deletum,Bembidion ephippium
database/5755302/d134s0066.jpg,Calathus micropterus,Bembidion quadripustulatum,Bembidion quadripustulatum,Bembidion quadripustulatum,Bembidion deletum
database/8051076/d033s0148.jpg,Nebria livida,Nebria livida,Nebria livida,Nebria livida,Nebria livida
database/8137203/d143s0025.jpg,Platynus assimilis,Platynus assimilis,Platynus assimilis,Platynus assimilis,Platynus assimilis
database/8307815/d116s0014.jpg,Pterostichus quadrifoveolatus,Pterostichus oblongopunctatus,Pterostichus oblongopunctatus,Pterostichus gracilis,Pterostichus oblongopunctatus
database/4308806/d085s0116.jpg,Bembidion minimum,Bembidion mannerheimii,Bembidion doris,Bembidion clarkei,Bembidion guttula
database/5755051/d155s0064.jpg,Agonum sexpunctatum,Agonum sexpunctatum,Agonum sexpunctatum,Agonum sexpunctatum,Agonum sexpunctatum
database/9252314/d144s0128.jpg,Platynus livens,Ophonus laticollis,Platynus livens,Calathus ambiguus,Platynus livens
database/5873524/d053s0263.jpg,Dyschirius globosus,Dyschirius globosus,Dyschirius globosus,Bembidion lunulatum,Dyschirius globosus
database/8068514/d183s0003.jpg,Harpalus servus,Harpalus servus,Harpalus servus,Calathus micropterus,Harpalus servus
database/4308800/d084s0350.jpg,Bembidion fumigatum,Bembidion fumigatum,Bembidion fumigatum,Bembidion fumigatum,Bembidion fumigatum
database/7416497/d113s0092.jpg,Pterostichus macer,Agonum fuliginosum,Pterostichus macer,Pterostichus nigrita,Pterostichus macer
database/4475757/d192s0123.jpg,Dicheirotrichus cognatus,Dicheirotrichus cognatus,Dicheirotrichus cognatus,Bembidion maritimum,Dicheirotrichus cognatus
database/8423772/d119s0026.jpg,Pterostichus anthracinus,Pterostichus gracilis,Pterostichus gracilis,Pterostichus macer,Pterostichus gracilis
database/5872119/d069s0137.jpg,Bembidion punctulatum,Bembidion litorale,Bembidion litorale,Bembidion punctulatum,Bembidion litorale
database/4472913/d165s0141.jpg,Amara similata,Amara similata,Amara similata,Amara spreta,Amara similata
database/4479890/d215s0418.jpg,Syntomus foveatus,Bembidion bruxellense,Syntomus foveatus,Bembidion geniculatum,Syntomus foveatus
database/9027622/d160s0237.jpg,Amara curta,Amara familiaris,Amara curta,Amara lunicollis,Amara curta
database/9377664/d071s0262.jpg,Bembidion obliquum,Bembidion obliquum,Bembidion obliquum,Bembidion fumigatum,Bembidion obliquum
database/4988363/d131s0088.jpg,Calathus fuscipes,Calathus fuscipes,Calathus fuscipes,Calathus fuscipes,Calathus fuscipes
database/8068514/d183s0022.jpg,Harpalus servus,Harpalus servus,Harpalus servus,Harpalus servus,Harpalus servus
database/4475179/d188s0156.jpg,Ophonus puncticeps,Ophonus puncticeps,Ophonus puncticeps,Ophonus puncticeps,Ophonus puncticeps
database/1036128/d086s0197.jpg,Bembidion quadrimaculatum,Masoreus wetterhallii,Dyschirius thoracicus,Bembidion litorale,Acupalpus dorsalis
database/5757205/d211s0176.jpg,Dromius quadrimaculatus,Bembidion articulatum,Dromius quadrimaculatus,Bembidion bualei,Dromius quadrimaculatus
database/4308789/d192s0392.jpg,Dicheirotrichus gustavii,Pterostichus strenuus,Dicheirotrichus gustavii,Bembidion lunatum,Dicheirotrichus gustavii
database/1035208/d167s0120.jpg,Amara bifrons,Amara aulica,Amara bifrons,Amara fulva,Amara bifrons
database/6097886/d078s0313.jpg,Bembidion lunatum,Bembidion properans,Bembidion properans,Bembidion biguttatum,Bembidion properans
database/1036796/d064s0388.jpg,Asaphidion flavipes,Asaphidion stierlini,Asaphidion flavipes,Bembidion laterale,Asaphidion flavipes
database/6097868/d067s0003.jpg,Bembidion nigricorne,Bembidion nigricorne,Bembidion nigricorne,Bembidion normannum,Bembidion nigricorne
database/5873211/d182s0091.jpg,Harpalus rufipalpis,Amara aulica,Harpalus rufipalpis,Harpalus serripes,Harpalus rufipalpis
database/5872129/d076s0629.jpg,Bembidion decorum,Bembidion decorum,Bembidion decorum,Bembidion decorum,Bembidion decorum
database/6097924/d184s0260.jpg,Harpalus tardus,Harpalus neglectus,Harpalus tardus,Harpalus tenebrosus,Harpalus tardus
database/5872147/d083s0042.jpg,Bembidion gilvipes,Bembidion gilvipes,Bembidion gilvipes,Bembidion assimile,Bembidion gilvipes
database/6097857/d207s0058.jpg,Lebia chlorocephala,Bembidion bruxellense,Lebia chlorocephala,Bembidion quadripustulatum,Lebia chlorocephala
database/4472907/d165s0054.jpg,Amara spreta,Amara spreta,Amara spreta,Amara similata,Amara spreta
database/4308789/d192s0015.jpg,Dicheirotrichus gustavii,Dicheirotrichus gustavii,Dicheirotrichus gustavii,Dicheirotrichus gustavii,Dicheirotrichus gustavii
database/4308811/d058s0286.jpg,Aepus marinus,Aepus marinus,Aepus marinus,Aepopsis robinii,Aepus marinus
database/4475761/d193s0235.jpg,Dicheirotrichus placidus,Dicheirotrichus placidus,Dicheirotrichus placidus,Dicheirotrichus placidus,Dicheirotrichus placidus
database/5755302/d134s0055.jpg,Calathus micropterus,Harpalus tardus,Calathus micropterus,Agonum thoreyi,Calathus rotundicollis
database/4480200/d212s0142.jpg,Calodromius spilotus,Calodromius spilotus,Calodromius spilotus,Acupalpus meridianus,Calodromius spilotus
database/9533851/d086s0629.jpg,Bembidion doris,Bembidion doris,Bembidion doris,Bembidion mannerheimii,Bembidion doris
database/4308804/d089s0087.jpg,Bembidion aeneum,Bembidion tetracolum,Bembidion deletum,Bembidion bipunctatum,Bembidion aeneum
database/4475908/d104s0140.jpg,Patrobus assimilis,Patrobus assimilis,Patrobus assimilis,Patrobus assimilis,Patrobus assimilis
database/5755066/d155s0370.jpg,Agonum versutum,Agonum micans,Agonum micans,Agonum nigrum,Agonum viduum
database/5756018/d204s0114.jpg,Badister bullatus,Badister bullatus,Badister bullatus,Badister bullatus,Badister bullatus
database/8417764/d120s0015.jpg,Pterostichus rhaeticus,Pterostichus rhaeticus,Pterostichus rhaeticus,Pterostichus rhaeticus,Pterostichus rhaeticus
database/9415910/d198s0336.jpg,Acupalpus flavicollis,Acupalpus flavicollis,Acupalpus flavicollis,Acupalpus exiguus,Acupalpus flavicollis
database/4480502/d003s0022.jpg,Cicindela hybrida,Cicindela hybrida,Cicindela hybrida,Cicindela hybrida,Cicindela hybrida
database/1036286/d144s0066.jpg,Sericoda quadripunctata,Sericoda quadripunctata,Sericoda quadripunctata,Sericoda quadripunctata,Sericoda quadripunctata
database/4471202/d206s0033.jpg,Masoreus wetterhallii,Pogonus chalceus,Masoreus wetterhallii,Pogonus chalceus,Masoreus wetterhallii
database/6097878/d076s0025.jpg,Bembidion deletum,Bembidion obliquum,Bembidion lunulatum,Bembidion ephippium,Bembidion ephippium
database/5753612/d028s0110.jpg,Cychrus caraboides,Cychrus caraboides,Cychrus caraboides,Cychrus caraboides,Cychrus caraboides
database/1036893/d051s0627.jpg,Clivina fossor,Clivina fossor,Clivina fossor,Clivina fossor,Clivina fossor
database/9533851/d086s0479.jpg,Bembidion doris,Bembidion minimum,Bembidion doris,Amara infima,Bembidion minimum
database/7888598/d058s0346.jpg,Aepopsis robinii,Aepus marinus,Aepopsis robinii,Aepopsis robinii,Aepopsis robinii
database/1036899/d051s0409.jpg,Clivina collaris,Clivina collaris,Clivina collaris,Clivina collaris,Clivina collaris
database/4475707/d198s0080.jpg,Acupalpus exiguus,Acupalpus exiguus,Acupalpus exiguus,Acupalpus exiguus,Acupalpus exiguus
database/5757120/d209s0082.jpg,Cymindis axillaris,Cymindis axillaris,Cymindis axillaris,Cymindis axillaris,Cymindis axillaris
database/1036958/d057s0112.jpg,Miscodera arctica,Miscodera arctica,Miscodera arctica,Miscodera arctica,Miscodera arctica
database/7641814/d111s0140.jpg,Pterostichus madidus,Pterostichus melanarius,Pterostichus madidus,Pterostichus nigrita,Pterostichus madidus
database/5755075/d155s0193.jpg,Agonum viduum,Agonum viduum,Agonum viduum,Agonum viduum,Agonum viduum
database/9491931/d125s0135.jpg,Abax parallelepipedus,Abax parallelepipedus,Abax parallelepipedus,Abax parallelepipedus,Abax parallelepipedus
database/4470801/d015s0084.jpg,Carabus monilis,Carabus monilis,Carabus monilis,Carabus monilis,Carabus monilis
database/7975487/d122s0033.jpg,Pterostichus vernalis,Pterostichus vernalis,Pterostichus vernalis,Agonum thoreyi,Pterostichus vernalis
database/7639821/d070s0037.jpg,Bembidion dentellum,Bembidion dentellum,Bembidion dentellum,Bembidion dentellum,Bembidion dentellum
database/4473874/d032s0221.jpg,Leistus terminatus,Ocys quinquestriatus,Leistus terminatus,Bembidion deletum,Paranchus albipes
database/4473127/d169s0142.jpg,Amara consularis,Amara consularis,Amara consularis,Amara consularis,Amara consularis
database/9479706/d066s0272.jpg,Bembidion laterale,Bembidion varium,Bembidion laterale,Bembidion aeneum,Bembidion laterale
database/4308805/d100s0356.jpg,Bembidion iricolor,Bembidion iricolor,Bembidion iricolor,Bembidion bualei,Bembidion iricolor
database/5756814/d065s0404.jpg,Ocys quinquestriatus,Bradycellus ruficollis,Bradycellus verbasci,Bembidion decorum,Bradycellus verbasci
database/5755952/d196s0084.jpg,Stenolophus mixtus,Trechus obtusus,Trechus obtusus,Acupalpus dubius,Philorhizus notatus
database/4475099/d186s0232.jpg,Ophonus ardosiacus,Ophonus ardosiacus,Ophonus ardosiacus,Ophonus ardosiacus,Ophonus laticollis
database/5757304/d208s0255.jpg,Demetrias imperialis,Demetrias imperialis,Demetrias imperialis,Demetrias imperialis,Demetrias imperialis
database/1035551/d049s0114.jpg,Elaphrus riparius,Elaphrus riparius,Elaphrus riparius,Elaphrus riparius,Elaphrus riparius
database/5756018/d204s0363.jpg,Badister bullatus,Badister bullatus,Badister bullatus,Badister unipustulatus,Badister bullatus
database/8300237/d083s0441.jpg,Bembidion schueppelii,Bembidion varium,Bembidion lunulatum,Acupalpus brunnipes,Bembidion schueppelii
database/7792354/d082s0484.jpg,Bembidion nigropiceum,Bembidion nigropiceum,Bembidion nigropiceum,Bembidion nigropiceum,Bembidion nigropiceum
database/5716409/d054s0093.jpg,Dyschirius impunctipennis,Agonum micans,Dyschirius politus,Bembidion bruxellense,Agonum micans
database/5755562/d217s0077.jpg,Polistichus connexus,Polistichus connexus,Polistichus connexus,Polistichus connexus,Polistichus connexus
database/4475179/d188s0130.jpg,Ophonus puncticeps,Ophonus puncticeps,Ophonus puncticeps,Harpalus rufipes,Ophonus puncticeps
database/5873524/d053s0026.jpg,Dyschirius globosus,Dyschirius globosus,Dyschirius globosus,Dyschirius globosus,Dyschirius globosus
database/5872111/d100s0512.jpg,Bembidion lunulatum,Bembidion aeneum,Bembidion lunulatum,Bembidion articulatum,Bembidion iricolor
database/4472828/d157s0167.jpg,Amara plebeja,Amara lucida,Amara plebeja,Agonum gracile,Amara plebeja
database/4472849/d159s0057.jpg,Amara communis,Amara infima,Amara infima,Stomis pumicatus,Amara infima
database/1035864/d174s0167.jpg,Harpalus affinis,Harpalus affinis,Harpalus affinis,Chlaenius nigricornis,Harpalus affinis
database/7387665/d074s0363.jpg,Bembidion geniculatum,Bembidion dentellum,Bembidion geniculatum,Bembidion decorum,Bembidion geniculatum
database/4470539/d010s0028.jpg,Carabus clatratus,Carabus clatratus,Carabus clatratus,Carabus arvensis,Carabus clatratus
database/1035578/d034s0056.jpg,Nebria brevicollis,Nebria brevicollis,Nebria brevicollis,Carabus arvensis,Carabus arvensis
database/4308801/d078s0076.jpg,Bembidion maritimum,Bembidion bualei,Bembidion bualei,Bembidion bualei,Bembidion bualei
database/5753757/d107s0115.jpg,Poecilus kugelanni,Poecilus lepidus,Poecilus kugelanni,Poecilus kugelanni,Poecilus kugelanni
database/8186956/d116s0193.jpg,Pterostichus adstrictus,Pterostichus adstrictus,Pterostichus adstrictus,Pterostichus adstrictus,Pterostichus adstrictus
database/4471269/d112s0002.jpg,Pedius longicollis,Pedius longicollis,Pedius longicollis,Pedius longicollis,Pedius longicollis
database/1036286/d144s0060.jpg,Sericoda quadripunctata,Sericoda quadripunctata,Sericoda quadripunctata,Sericoda quadripunctata,Sericoda quadripunctata
database/5755969/d193s0513.jpg,Bradycellus caucasicus,Bradycellus caucasicus,Bradycellus caucasicus,Bradycellus verbasci,Bradycellus verbasci
database/4473277/d156s0003.jpg,Zabrus tenebrioides,Laemostenus terricola,Zabrus tenebrioides,Zabrus tenebrioides,Harpalus latus
database/9414758/d203s0189.jpg,Licinus depressus,Licinus depressus,Licinus depressus,Licinus punctatulus,Licinus depressus
database/5755950/d196s0371.jpg,Stenolophus teutonus,Ocys harpaloides,Stenolophus teutonus,Agonum thoreyi,Stenolophus teutonus
database/4478695/d064s0275.jpg,Asaphidion pallipes,Elaphropus bistriatus,Asaphidion stierlini,Asaphidion flavipes,Acupalpus dorsalis
database/5755082/d148s0148.jpg,Agonum micans,Agonum micans,Agonum micans,Agonum micans,Agonum micans
database/4479870/d215s0206.jpg,Syntomus truncatellus,Elaphropus bistriatus,Syntomus truncatellus,Bembidion assimile,Syntomus truncatellus
database/4480502/d003s0014.jpg,Cicindela hybrida,Cicindela hybrida,Cicindela hybrida,Cicindela hybrida,Cicindela hybrida
database/1035931/d080s0554.jpg,Bembidion tetracolum,Bembidion varium,Bembidion tetracolum,Anchomenus dorsalis,Bembidion varium
database/6097857/d207s0118.jpg,Lebia chlorocephala,Lebia chlorocephala,Lebia chlorocephala,Lebia chlorocephala,Lebia chlorocephala
database/9491931/d125s0129.jpg,Abax parallelepipedus,Abax parallelepipedus,Abax parallelepipedus,Abax parallelepipedus,Abax parallelepipedus
database/7416497/d113s0005.jpg,Pterostichus macer,Pterostichus macer,Pterostichus macer,Pterostichus gracilis,Pterostichus macer
database/4988516/d039s0012.jpg,Pelophila borealis,Pterostichus quadrifoveolatus,Pelophila borealis,Amara similata,Pterostichus anthracinus
database/5757192/d211s0363.jpg,Dromius angustus,Dromius meridionalis,Dromius meridionalis,Dromius angustus,Dromius meridionalis
database/4480480/d005s0040.jpg,Cicindela sylvatica,Cicindela sylvatica,Cicindela sylvatica,Cicindela sylvatica,Cicindela sylvatica
database/5756021/d205s0154.jpg,Badister sodalis,Badister sodalis,Badister sodalis,Badister sodalis,Badister sodalis
database/8264200/d043s0398.jpg,Notiophilus palustris,Patrobus assimilis,Notiophilus palustris,Bembidion femoratum,Notiophilus rufipes
database/4308806/d085s0249.jpg,Bembidion minimum,Bembidion minimum,Bembidion minimum,Bembidion minimum,Bembidion minimum
database/5756010/d205s0051.jpg,Badister dilatatus,Badister dilatatus,Badister dilatatus,Badister dilatatus,Badister dilatatus
database/6097861/d054s0148.jpg,Dyschirius nitidus,Dyschirius politus,Dyschirius politus,Bembidion illigeri,Stenolophus mixtus
database/5716411/d102s0257.jpg,Pogonus littoralis,Pogonus littoralis,Pogonus littoralis,Anisodactylus binotatus,Pogonus littoralis
database/6097890/d079s0125.jpg,Bembidion stephensii,Bembidion nigricorne,Bembidion monticola,Bembidion obtusum,Bembidion monticola
database/5755954/d196s0305.jpg,Stenolophus skrimshiranus,Stenolophus mixtus,Stenolophus skrimshiranus,Agonum thoreyi,Stenolophus skrimshiranus
database/8139233/d063s0468.jpg,Elaphropus walkerianus,Elaphropus walkerianus,Elaphropus walkerianus,Elaphropus walkerianus,Elaphropus walkerianus
database/4475188/d188s0004.jpg,Ophonus cordatus,Ophonus cordatus,Ophonus cordatus,Ophonus cordatus,Ophonus cordatus
database/5716406/d055s0018.jpg,Dyschirius salinus,Dyschirius salinus,Dyschirius salinus,Dyschirius salinus,Dyschirius salinus
database/4473903/d031s0095.jpg,Leistus spinibarbis,Pterostichus aethiops,Pterostichus aethiops,Leistus spinibarbis,Nebria rufescens
database/6097854/d202s0084.jpg,Callistus lunatus,Callistus lunatus,Callistus lunatus,Callistus lunatus,Callistus lunatus
database/6097883/d071s0607.jpg,Bembidion varium,Bembidion varium,Bembidion prasinum,Bembidion aeneum,Bembidion aeneum
database/5872954/d009s0088.jpg,Calosoma inquisitor,Calosoma inquisitor,Calosoma inquisitor,Calosoma inquisitor,Calosoma inquisitor
database/1036255/d075s0080.jpg,Bembidion bruxellense,Bembidion bruxellense,Bembidion bruxellense,Agonum fuliginosum,Bembidion bruxellense
database/5873215/d177s0284.jpg,Harpalus dimidiatus,Amara aulica,Harpalus dimidiatus,Pterostichus anthracinus,Harpalus dimidiatus
database/5872829/d011s0009.jpg,Carabus arvensis,Carabus granulatus,Carabus arvensis,Carabus arvensis,Carabus arvensis
database/6097868/d067s0151.jpg,Bembidion nigricorne,Bembidion prasinum,Bembidion nigricorne,Bembidion maritimum,Bembidion nigricorne
database/4472884/d162s0028.jpg,Amara lucida,Amara lucida,Amara lucida,Amara lucida,Amara lucida
database/4473297/d105s0133.jpg,Stomis pumicatus,Stomis pumicatus,Stomis pumicatus,Agonum nigrum,Stomis pumicatus
database/4480271/d210s0105.jpg,Paradromius longiceps,Bembidion varium,Paradromius longiceps,Paradromius longiceps,Paradromius longiceps
database/4478699/d064s0374.jpg,Asaphidion curtum,Asaphidion pallipes,Asaphidion pallipes,Asaphidion pallipes,Callistus lunatus
database/6097862/d054s0458.jpg,Dyschirius politus,Dyschirius globosus,Dyschirius politus,Bembidion deletum,Dyschirius politus
database/6097890/d079s0132.jpg,Bembidion stephensii,Bembidion stephensii,Bembidion stephensii,Bembidion stephensii,Bembidion stephensii
database/8267077/d198s0383.jpg,Acupalpus dorsalis,Acupalpus dorsalis,Acupalpus dorsalis,Acupalpus dorsalis,Acupalpus dorsalis
database/1036192/d088s0121.jpg,Bembidion obtusum,Bembidion articulatum,Bembidion fumigatum,Bembidion articulatum,Acupalpus dubius
database/4308790/d192s0120.jpg,Dicheirotrichus obsoletus,Dicheirotrichus obsoletus,Dicheirotrichus obsoletus,Calathus micropterus,Dicheirotrichus obsoletus
database/4473320/d048s0145.jpg,Elaphrus uliginosus,Elaphrus uliginosus,Elaphrus uliginosus,Elaphrus uliginosus,Elaphrus uliginosus
database/8104778/d079s0301.jpg,Bembidion saxatile,Bembidion saxatile,Bembidion saxatile,Bembidion iricolor,Bembidion saxatile
database/4473903/d031s0043.jpg,Leistus spinibarbis,Harpalus attenuatus,Leistus spinibarbis,Harpalus rubripes,Pterostichus anthracinus
database/5716409/d054s0613.jpg,Dyschirius impunctipennis,Dyschirius nitidus,Dyschirius impunctipennis,Bembidion properans,Dyschirius impunctipennis
database/6097930/d059s0220.jpg,Epaphius secalis,Bembidion minimum,Epaphius secalis,Bradycellus caucasicus,Bradycellus caucasicus
database/9581584/d135s0387.jpg,Calathus mollis,Calathus mollis,Calathus mollis,Bembidion femoratum,Calathus mollis
database/5755296/d130s0012.jpg,Calathus erratus,Ophonus melletii,Calathus ambiguus,Calathus ambiguus,Ophonus azureus
database/5872219/d058s0070.jpg,Perileptus areolatus,Perileptus areolatus,Perileptus areolatus,Perileptus areolatus,Perileptus areolatus
database/9364935/d042s0041.jpg,Notiophilus biguttatus,Notiophilus aquaticus,Notiophilus biguttatus,Notiophilus quadripunctatus,Notiophilus aquaticus
database/1035208/d167s0146.jpg,Amara bifrons,Amara apricaria,Amara bifrons,Amara anthobia,Pterostichus minor
database/4474861/d007s0022.jpg,Brachinus crepitans,Brachinus crepitans,Brachinus crepitans,Brachinus crepitans,Brachinus crepitans
database/5872148/d084s0040.jpg,Bembidion assimile,Bembidion assimile,Bembidion assimile,Bembidion assimile,Bembidion assimile
database/7840196/d120s0129.jpg,Pterostichus minor,Bembidion lunatum,Pterostichus minor,Agonum piceum,Bembidion doris
database/1035864/d174s0020.jpg,Harpalus affinis,Ophonus ardosiacus,Ophonus ardosiacus,Ophonus ardosiacus,Ophonus ardosiacus
database/1036216/d068s0645.jpg,Bembidion lampros,Bembidion lampros,Bembidion lampros,Bembidion lampros,Bembidion lampros
database/7727698/d004s0040.jpg,Cicindela maritima,Cicindela hybrida,Cicindela maritima,Cicindela maritima,Cicindela maritima
database/4473860/d032s0233.jpg,Leistus ferrugineus,Leistus ferrugineus,Leistus ferrugineus,Leistus fulvibarbis,Leistus fulvibarbis
database/6097923/d184s0155.jpg,Harpalus smaragdinus,Harpalus smaragdinus,Harpalus smaragdinus,Harpalus smaragdinus,Ophonus laticollis
database/8047965/d084s0159.jpg,Bembidion clarkei,Dyschirius obscurus,Bembidion clarkei,Dyschirius obscurus,Dyschirius tristis
database/7917481/d109s0049.jpg,Pterostichus cristatus,Pterostichus madidus,Pterostichus cristatus,Pterostichus cristatus,Pterostichus cristatus
database/4470555/d021s0113.jpg,Carabus problematicus,Broscus cephalotes,Carabus problematicus,Carabus violaceus,Carabus problematicus
database/8607776/d069s0324.jpg,Bembidion pallidipenne,Bembidion ephippium,Bembidion pallidipenne,Bembidion deletum,Bembidion testaceum
database/1037293/d062s0091.jpg,Trechus rubens,Trechus rubens,Trechus rubens,Trechus rubens,Trechus rubens
database/5755982/d195s0279.jpg,Bradycellus verbasci,Bradycellus verbasci,Bradycellus verbasci,Bradycellus verbasci,Bradycellus verbasci
database/1035434/d194s0496.jpg,Bradycellus harpalinus,Bradycellus harpalinus,Bradycellus harpalinus,Bradycellus harpalinus,Bradycellus harpalinus
database/8607776/d069s0064.jpg,Bembidion pallidipenne,Bembidion articulatum,Bembidion pallidipenne,Bembidion fumigatum,Bembidion pallidipenne
database/1036128/d086s0277.jpg,Bembidion quadrimaculatum,Bembidion obliquum,Bembidion ephippium,Acupalpus exiguus,Bembidion ephippium
database/5757155/d209s0074.jpg,Cymindis vaporariorum,Ophonus melletii,Cymindis vaporariorum,Cymindis vaporariorum,Cymindis vaporariorum
database/6097912/d180s0099.jpg,Harpalus pumilus,Harpalus pumilus,Harpalus pumilus,Calathus melanocephalus,Harpalus pumilus
database/9314786/d114s0194.jpg,Pterostichus niger,Pterostichus niger,Pterostichus melanarius,Pterostichus niger,Pelophila borealis
database/5755978/d195s0514.jpg,Bradycellus sharpi,Bradycellus sharpi,Bradycellus sharpi,Bradycellus sharpi,Bradycellus sharpi
database/6097854/d202s0009.jpg,Callistus lunatus,Callistus lunatus,Callistus lunatus,Callistus lunatus,Callistus lunatus
database/9314786/d114s0199.jpg,Pterostichus niger,Pterostichus niger,Pterostichus niger,Pterostichus niger,Pterostichus niger
database/5755051/d155s0129.jpg,Agonum sexpunctatum,Agonum sexpunctatum,Agonum sexpunctatum,Agonum sexpunctatum,Agonum ericeti
database/8300237/d083s0399.jpg,Bembidion schueppelii,Bembidion schueppelii,Bembidion schueppelii,Bembidion schueppelii,Bembidion schueppelii
database/7975487/d122s0017.jpg,Pterostichus vernalis,Pterostichus vernalis,Pterostichus vernalis,Harpalus laevipes,Pterostichus vernalis
database/4472828/d157s0077.jpg,Amara plebeja,Asaphidion curtum,Agonum nigrum,Amara lucida,Amara lucida
database/4474861/d007s0104.jpg,Brachinus crepitans,Brachinus crepitans,Brachinus crepitans,Brachinus crepitans,Brachinus crepitans
database/4988207/d046s0102.jpg,Blethisa multipunctata,Elaphrus uliginosus,Blethisa multipunctata,Blethisa multipunctata,Elaphrus uliginosus
database/5755954/d196s0069.jpg,Stenolophus skrimshiranus,Stenolophus skrimshiranus,Stenolophus skrimshiranus,Stenolophus skrimshiranus,Stenolophus skrimshiranus
database/4988447/d150s0112.jpg,Agonum thoreyi,Agonum thoreyi,Agonum thoreyi,Agonum fuliginosum,Agonum thoreyi
database/4988484/d154s0249.jpg,Agonum muelleri,Agonum muelleri,Agonum muelleri,Agonum muelleri,Agonum muelleri
database/9252314/d144s0173.jpg,Platynus livens,Calathus erratus,Platynus livens,Ophonus schaubergerianus,Platynus livens
database/5872111/d100s0299.jpg,Bembidion lunulatum,Bembidion nigricorne,Bembidion deletum,Bembidion fumigatum,Bembidion fumigatum
database/4474780/d217s0012.jpg,Drypta dentata,Drypta dentata,Drypta dentata,Drypta dentata,Drypta dentata
database/4473874/d032s0437.jpg,Leistus terminatus,Dicheirotrichus obsoletus,Dicheirotrichus obsoletus,Bembidion maritimum,Dicheirotrichus obsoletus
database/1035542/d048s0135.jpg,Elaphrus lapponicus,Elaphrus lapponicus,Elaphrus lapponicus,Elaphrus lapponicus,Elaphrus lapponicus
database/4308811/d058s0205.jpg,Aepus marinus,Aepus marinus,Aepus marinus,Aepus marinus,Aepus marinus
database/6097872/d078s0165.jpg,Bembidion monticola,Bembidion monticola,Bembidion monticola,Bembidion aeneum,Bembidion monticola
database/5754974/d142s0282.jpg,Anchomenus dorsalis,Bembidion tetracolum,Anchomenus dorsalis,Cicindela maritima,Anchomenus dorsalis
database/4474653/d127s0198.jpg,Synuchus vivalis,Synuchus vivalis,Synuchus vivalis,Harpalus tenebrosus,Synuchus vivalis
database/8056040/d017s0003.jpg,Carabus nemoralis,Carabus nemoralis,Carabus nemoralis,Carabus nemoralis,Carabus nemoralis
database/5755986/d194s0196.jpg,Bradycellus ruficollis,Dyschirius globosus,Notiophilus quadripunctatus,Acupalpus flavicollis,Bradycellus ruficollis
database/4988516/d039s0020.jpg,Pelophila borealis,Pelophila borealis,Pelophila borealis,Pelophila borealis,Pelophila borealis
database/5753653/d202s0184.jpg,Oodes helopioides,Oodes helopioides,Oodes helopioides,Oodes helopioides,Oodes helopioides
database/4478679/d064s0598.jpg,Asaphidion stierlini,Asaphidion pallipes,Asaphidion stierlini,Asaphidion stierlini,Asaphidion stierlini
database/8264200/d043s0337.jpg,Notiophilus palustris,Notiophilus palustris,Notiophilus palustris,Bembidion aeneum,Notiophilus palustris
database/5873218/d181s0143.jpg,Harpalus rubripes,Harpalus rubripes,Harpalus rubripes,Calathus erratus,Harpalus rubripes
database/5755451/d128s0225.jpg,Calathus rotundicollis,Ophonus melletii,Calathus rotundicollis,Leistus spinibarbis,Calathus rotundicollis
database/4472858/d160s0347.jpg,Amara eurynota,Amara eurynota,Amara eurynota,Amara spreta,Amara eurynota
database/6097871/d077s0086.jpg,Bembidion fluviatile,Bembidion fluviatile,Bembidion fluviatile,Bembidion fluviatile,Bembidion fluviatile
database/7917481/d109s0089.jpg,Pterostichus cristatus,Pterostichus cristatus,Pterostichus cristatus,Pterostichus cristatus,Pterostichus cristatus
database/5757211/d211s0381.jpg,Dromius meridionalis,Dromius meridionalis,Dromius meridionalis,Bradycellus verbasci,Dromius meridionalis
database/5753697/d106s0326.jpg,Poecilus cupreus,Poecilus cupreus,Poecilus cupreus,Agonum ericeti,Poecilus cupreus
database/5755296/d130s0122.jpg,Calathus erratus,Zabrus tenebrioides,Calathus erratus,Calathus erratus,Calathus erratus
database/4480302/d210s0260.jpg,Paradromius linearis,Paradromius linearis,Paradromius linearis,Paradromius linearis,Paradromius linearis
database/8056040/d016s0106.jpg,Carabus nemoralis,Carabus granulatus,Carabus monilis,Carabus arvensis,Carabus granulatus
database/5755203/d137s0051.jpg,Laemostenus complanatus,Laemostenus complanatus,Laemostenus complanatus,Laemostenus complanatus,Laemostenus complanatus
database/6097865/d072s0195.jpg,Bembidion prasinum,Bembidion bruxellense,Bembidion prasinum,Bembidion aeneum,Bembidion punctulatum
database/4308812/d191s0097.jpg,Anisodactylus poeciloides,Anisodactylus poeciloides,Anisodactylus poeciloides,Anisodactylus poeciloides,Anisodactylus poeciloides
database/5757308/d208s0147.jpg,Demetrias monostigma,Demetrias monostigma,Demetrias monostigma,Demetrias monostigma,Demetrias monostigma
database/1036958/d057s0029.jpg,Miscodera arctica,Miscodera arctica,Miscodera arctica,Bembidion fluviatile,Miscodera arctica
database/4988484/d153s0385.jpg,Agonum muelleri,Agonum muelleri,Agonum muelleri,Agonum muelleri,Agonum muelleri
database/8335452/d075s0294.jpg,Bembidion bualei,Bembidion tetracolum,Bembidion tetracolum,Bembidion bualei,Bembidion tetracolum
database/4480485/d001s0044.jpg,Cicindela campestris,Cicindela campestris,Cicindela campestris,Cylindera germanica,Cicindela campestris
database/4473319/d047s0314.jpg,Elaphrus cupreus,Elaphrus cupreus,Elaphrus cupreus,Elaphrus cupreus,Elaphrus cupreus
database/5872219/d058s0170.jpg,Perileptus areolatus,Bembidion normannum,Perileptus areolatus,Bembidion femoratum,Perileptus areolatus
database/5756945/d054s0429.jpg,Dyschirius tristis,Dyschirius tristis,Dyschirius tristis,Bembidion doris,Dyschirius tristis
database/4474653/d127s0007.jpg,Synuchus vivalis,Bembidion bruxellense,Miscodera arctica,Bembidion stephensii,Synuchus vivalis
database/4475685/d197s0055.jpg,Acupalpus brunnipes,Trechus obtusus,Acupalpus brunnipes,Acupalpus brunnipes,Acupalpus brunnipes
database/4472907/d165s0308.jpg,Amara spreta,Amara familiaris,Amara spreta,Bembidion geniculatum,Amara curta
database/7727698/d004s0020.jpg,Cicindela maritima,Cicindela hybrida,Cicindela hybrida,Cicindela hybrida,Cicindela hybrida
database/1036796/d064s0268.jpg,Asaphidion flavipes,Asaphidion flavipes,Asaphidion flavipes,Asaphidion flavipes,Asaphidion flavipes
database/9206709/d149s0125.jpg,Agonum piceum,Agonum gracile,Agonum piceum,Agonum gracile,Agonum gracile
database/1035366/d103s0082.jpg,Patrobus septentrionis,Patrobus septentrionis,Patrobus septentrionis,Patrobus septentrionis,Patrobus septentrionis
database/7508714/d124s0293.jpg,Pterostichus strenuus,Pterostichus strenuus,Pterostichus strenuus,Agonum fuliginosum,Pterostichus strenuus
database/1035231/d168s0079.jpg,Amara apricaria,Amara aulica,Amara fulva,Amara lunicollis,Amara lunicollis
database/5755011/d152s0173.jpg,Agonum marginatum,Agonum marginatum,Agonum marginatum,Agonum marginatum,Agonum marginatum
database/4988447/d150s0428.jpg,Agonum thoreyi,Agonum thoreyi,Agonum thoreyi,Agonum ericeti,Agonum thoreyi
database/7508714/d124s0720.jpg,Pterostichus strenuus,Pterostichus strenuus,Pterostichus strenuus,Calodromius spilotus,Pterostichus strenuus
database/4472897/d160s0172.jpg,Amara convexior,Amara convexior,Amara convexior,Amara anthobia,Amara convexior
database/5755175/d138s0060.jpg,Laemostenus terricola,Nebria brevicollis,Laemostenus terricola,Nebria rufescens,Nebria brevicollis
database/1035578/d034s0186.jpg,Nebria brevicollis,Nebria brevicollis,Nebria brevicollis,Nebria rufescens,Nebria brevicollis
database/4473297/d105s0085.jpg,Stomis pumicatus,Stomis pumicatus,Stomis pumicatus,Agonum thoreyi,Trechus fulvus
database/1036203/d067s0350.jpg,Bembidion properans,Bembidion schueppelii,Bembidion properans,Bembidion schueppelii,Bembidion minimum
database/5756010/d205s0238.jpg,Badister dilatatus,Bembidion lunatum,Badister dilatatus,Badister dilatatus,Dyschirius salinus
database/5873215/d177s0039.jpg,Harpalus dimidiatus,Amara similata,Harpalus dimidiatus,Agonum gracile,Harpalus dimidiatus
database/4472849/d159s0015.jpg,Amara communis,Amara similata,Amara lunicollis,Amara lunicollis,Amara famelica
database/5755322/d129s0183.jpg,Calathus cinctus,Bembidion maritimum,Calathus cinctus,Calathus cinctus,Calathus melanocephalus
database/4473860/d032s0044.jpg,Leistus ferrugineus,Leistus ferrugineus,Leistus ferrugineus,Olisthopus rotundatus,Leistus ferrugineus
database/9444427/d169s0185.jpg,Amara fulva,Amara apricaria,Amara apricaria,Amara fulva,Amara consularis
database/4479895/d215s0497.jpg,Syntomus obscuroguttatus,Syntomus obscuroguttatus,Syntomus obscuroguttatus,Acupalpus brunnipes,Syntomus obscuroguttatus
database/6097864/d070s0328.jpg,Bembidion bipunctatum,Bembidion deletum,Bembidion bipunctatum,Bembidion biguttatum,Bembidion bipunctatum
database/4475908/d104s0093.jpg,Patrobus assimilis,Clivina fossor,Clivina fossor,Calathus melanocephalus,Clivina fossor
database/5755175/d138s0049.jpg,Laemostenus terricola,Harpalus laevipes,Laemostenus terricola,Laemostenus complanatus,Laemostenus terricola
database/4472913/d165s0077.jpg,Amara similata,Amara similata,Amara similata,Amara aulica,Amara fulva
database/4470765/d025s0039.jpg,Carabus violaceus,Cychrus caraboides,Carabus violaceus,Carabus violaceus,Cychrus caraboides
database/1035194/d170s0144.jpg,Amara aulica,Amara aulica,Amara aulica,Amara fulva,Amara aulica
database/4473834/d030s0199.jpg,Leistus fulvibarbis,Ophonus melletii,Leistus spinibarbis,Harpalus laevipes,Leistus ferrugineus
database/4478057/d062s0179.jpg,Blemus discus,Badister unipustulatus,Blemus discus,Blemus discus,Blemus discus
database/5873214/d177s0132.jpg,Harpalus attenuatus,Poecilus lepidus,Harpalus attenuatus,Agonum viduum,Harpalus attenuatus
database/1035231/d168s0045.jpg,Amara apricaria,Amara aulica,Amara fulva,Harpalus rufipalpis,Amara eurynota
database/9346940/d040s0084.jpg,Notiophilus aquaticus,Notiophilus palustris,Notiophilus biguttatus,Notiophilus biguttatus,Notiophilus biguttatus
database/4480200/d212s0138.jpg,Calodromius spilotus,Calodromius spilotus,Calodromius spilotus,Calodromius spilotus,Calodromius spilotus
database/5753612/d028s0061.jpg,Cychrus caraboides,Carabus clatratus,Cychrus caraboides,Cychrus caraboides,Cychrus caraboides
database/4473127/d169s0001.jpg,Amara consularis,Amara consularis,Amara consularis,Amara consularis,Amara consularis
database/4471238/d206s0225.jpg,Panagaeus cruxmajor,Panagaeus cruxmajor,Panagaeus cruxmajor,Panagaeus cruxmajor,Panagaeus cruxmajor
database/9444427/d169s0147.jpg,Amara fulva,Amara aulica,Amara fulva,Amara apricaria,Amara apricaria
database/4475794/d199s0103.jpg,Anthracus consputus,Anthracus consputus,Anthracus consputus,Anthracus consputus,Anthracus consputus
database/9415910/d198s0341.jpg,Acupalpus flavicollis,Acupalpus meridianus,Acupalpus flavicollis,Acupalpus exiguus,Acupalpus flavicollis
database/1035290/d050s0036.jpg,Loricera pilicornis,Loricera pilicornis,Loricera pilicornis,Loricera pilicornis,Loricera pilicornis
database/4473320/d048s0006.jpg,Elaphrus uliginosus,Elaphrus riparius,Elaphrus riparius,Bembidion litorale,Elaphrus riparius
database/5757310/d208s0222.jpg,Demetrias atricapillus,Demetrias atricapillus,Demetrias atricapillus,Demetrias atricapillus,Demetrias atricapillus
database/7613168/d109s0046.jpg,Pterostichus aethiops,Pterostichus aethiops,Pterostichus aethiops,Pterostichus gracilis,Pterostichus aethiops
database/6097906/d200s0069.jpg,Chlaenius nigricornis,Chlaenius nigricornis,Chlaenius nigricornis,Bembidion aeneum,Chlaenius nigricornis
database/5755456/d127s0033.jpg,Platyderus depressus,Platyderus depressus,Platyderus depressus,Platyderus depressus,Platyderus depressus
database/6097897/d044s0095.jpg,Notiophilus quadripunctatus,Notiophilus aquaticus,Notiophilus quadripunctatus,Notiophilus quadripunctatus,Notiophilus quadripunctatus
database/4475761/d193s0237.jpg,Dicheirotrichus placidus,Dicheirotrichus obsoletus,Dicheirotrichus placidus,Dicheirotrichus obsoletus,Dicheirotrichus placidus
database/4308815/d056s0023.jpg,Broscus cephalotes,Broscus cephalotes,Broscus cephalotes,Broscus cephalotes,Broscus cephalotes
database/6097923/d184s0201.jpg,Harpalus smaragdinus,Harpalus smaragdinus,Harpalus smaragdinus,Harpalus smaragdinus,Harpalus smaragdinus
database/7708350/d121s0372.jpg,Pterostichus nigrita,Pterostichus nigrita,Pterostichus nigrita,Pterostichus nigrita,Pterostichus nigrita
database/6097927/d180s0135.jpg,Harpalus neglectus,Harpalus neglectus,Harpalus neglectus,Amara apricaria,Harpalus neglectus
database/4480315/d213s0231.jpg,Philorhizus melanocephalus,Bembidion varium,Philorhizus melanocephalus,Bembidion geniculatum,Bembidion bualei
database/9251010/d172s0168.jpg,Harpalus rufipes,Nebria brevicollis,Harpalus rufipes,Harpalus laevipes,Nebria brevicollis
database/4308812/d191s0150.jpg,Anisodactylus poeciloides,Anisodactylus poeciloides,Anisodactylus poeciloides,Agonum sexpunctatum,Anisodactylus poeciloides
database/5755456/d127s0135.jpg,Platyderus depressus,Platyderus depressus,Platyderus depressus,Platyderus depressus,Platyderus depressus
database/1037319/d060s0226.jpg,Trechus obtusus,Trechus obtusus,Trechus obtusus,Trechus obtusus,Trechus obtusus
database/5757192/d211s0099.jpg,Dromius angustus,Aepus marinus,Perileptus areolatus,Acupalpus flavicollis,Dromius angustus
database/5872148/d084s0179.jpg,Bembidion assimile,Bembidion assimile,Bembidion assimile,Bembidion assimile,Bembidion assimile
database/1035434/d194s0404.jpg,Bradycellus harpalinus,Bradycellus harpalinus,Bradycellus harpalinus,Bradycellus harpalinus,Bradycellus harpalinus
database/4475213/d187s0311.jpg,Ophonus azureus,Ophonus azureus,Ophonus azureus,Harpalus affinis,Ophonus azureus
database/5755293/d129s0035.jpg,Calathus ambiguus,Nebria brevicollis,Calathus ambiguus,Calathus fuscipes,Nebria brevicollis
database/4475902/d103s0158.jpg,Patrobus atrorufus,Patrobus atrorufus,Patrobus atrorufus,Patrobus atrorufus,Patrobus atrorufus
database/5872127/d074s0295.jpg,Bembidion tibiale,Bembidion tibiale,Bembidion tibiale,Bembidion geniculatum,Bembidion tibiale
database/7792354/d082s0448.jpg,Bembidion nigropiceum,Bembidion atrocaeruleum,Bembidion nigropiceum,Bembidion atrocaeruleum,Bembidion nigropiceum
database/4473795/d036s0134.jpg,Nebria salina,Nebria salina,Nebria salina,Nebria salina,Nebria brevicollis
database/4472929/d167s0280.jpg,Amara infima,Amara infima,Amara infima,Agonum fuliginosum,Amara lucida
database/5872829/d011s0077.jpg,Carabus arvensis,Carabus problematicus,Carabus problematicus,Calosoma inquisitor,Carabus problematicus
database/8600499/d166s0247.jpg,Amara tibialis,Amara bifrons,Amara tibialis,Amara tibialis,Amara tibialis
database/4478057/d062s0187.jpg,Blemus discus,Epaphius secalis,Blemus discus,Paradromius longiceps,Blemus discus
database/6097892/d085s0437.jpg,Bembidion normannum,Bembidion normannum,Bembidion normannum,Bembidion normannum,Bembidion normannum
database/8019310/d119s0048.jpg,Pterostichus gracilis,Pterostichus vernalis,Pterostichus gracilis,Pterostichus gracilis,Pterostichus macer
database/5023058/d044s0135.jpg,Notiophilus rufipes,Notiophilus palustris,Notiophilus biguttatus,Notiophilus palustris,Notiophilus biguttatus
database/4473974/d139s0429.jpg,Olisthopus rotundatus,Bembidion dentellum,Olisthopus rotundatus,Bembidion atrocaeruleum,Dicheirotrichus obsoletus
database/4988363/d131s0313.jpg,Calathus fuscipes,Calathus fuscipes,Calathus fuscipes,Calathus fuscipes,Calathus fuscipes
database/4475099/d186s0030.jpg,Ophonus ardosiacus,Ophonus ardosiacus,Ophonus ardosiacus,Olisthopus rotundatus,Ophonus ardosiacus
database/1035185/d158s0033.jpg,Amara aenea,Amara familiaris,Amara aenea,Amara spreta,Amara aenea
database/4475677/d197s0600.jpg,Acupalpus dubius,Acupalpus dubius,Acupalpus dubius,Acupalpus dubius,Acupalpus dubius
database/6097885/d082s0424.jpg,Sinechostictus stomoides,Sinechostictus stomoides,Sinechostictus stomoides,Bembidion femoratum,Sinechostictus stomoides
database/5757205/d211s0487.jpg,Dromius quadrimaculatus,Bembidion maritimum,Bembidion quadrimaculatum,Bembidion maritimum,Bembidion maritimum
database/5753725/d107s0022.jpg,Poecilus lepidus,Poecilus lepidus,Poecilus lepidus,Harpalus smaragdinus,Poecilus lepidus
database/6097879/d077s0166.jpg,Bembidion femoratum,Bembidion bruxellense,Amara eurynota,Asaphidion flavipes,Epaphius secalis
database/4473974/d139s0320.jpg,Olisthopus rotundatus,Ocys harpaloides,Olisthopus rotundatus,Bembidion aeneum,Sinechostictus stomoides
database/4308804/d089s0212.jpg,Bembidion aeneum,Bembidion dentellum,Bembidion decorum,Olisthopus rotundatus,Olisthopus rotundatus
database/7582513/d063s0283.jpg,Elaphropus bistriatus,Elaphropus bistriatus,Elaphropus bistriatus,Elaphropus walkerianus,Elaphropus bistriatus
database/1036255/d075s0403.jpg,Bembidion bruxellense,Bembidion bruxellense,Bembidion bruxellense,Bembidion bruxellense,Bembidion bruxellense
database/5753720/d108s0122.jpg,Poecilus versicolor,Poecilus versicolor,Poecilus versicolor,Poecilus versicolor,Poecilus versicolor
database/4308787/d038s0045.jpg,Nebria complanata,Nebria complanata,Nebria complanata,Nebria complanata,Nebria complanata
database/4480348/d213s0409.jpg,Philorhizus notatus,Philorhizus notatus,Philorhizus notatus,Philorhizus notatus,Philorhizus notatus
database/5755082/d148s0084.jpg,Agonum micans,Amara similata,Agonum micans,Agonum micans,Amara ovata
database/4475677/d197s0190.jpg,Acupalpus dubius,Acupalpus dubius,Acupalpus dubius,Acupalpus dubius,Acupalpus dubius
database/4308800/d084s0143.jpg,Bembidion fumigatum,Bembidion lunulatum,Bembidion fumigatum,Bembidion fumigatum,Bembidion fumigatum
database/7387665/d074s0325.jpg,Bembidion geniculatum,Bembidion geniculatum,Bembidion geniculatum,Bembidion geniculatum,Bembidion geniculatum
database/4308786/d063s0151.jpg,Tachys scutellaris,Tachys scutellaris,Tachys scutellaris,Bembidion ephippium,Tachys scutellaris
database/9364935/d041s0281.jpg,Notiophilus biguttatus,Notiophilus aquaticus,Notiophilus germinyi,Bembidion bipunctatum,Notiophilus aquaticus
database/5755339/d179s0282.jpg,Harpalus latus,Harpalus attenuatus,Harpalus attenuatus,Ophonus schaubergerianus,Harpalus attenuatus
database/4475140/d189s0413.jpg,Ophonus rufibarbis,Calathus mollis,Ophonus rufibarbis,Ophonus rufibarbis,Ophonus rupicola
database/7873810/d123s0462.jpg,Pterostichus diligens,Pterostichus diligens,Pterostichus diligens,Bembidion geniculatum,Pterostichus diligens
database/5755080/d147s0159.jpg,Agonum gracile,Agonum gracile,Agonum gracile,Agonum gracile,Agonum gracile
database/4474974/d216s0092.jpg,Odacantha melanura,Odacantha melanura,Odacantha melanura,Odacantha melanura,Odacantha melanura
database/6097900/d006s0050.jpg,Cylindera germanica,Cylindera germanica,Cylindera germanica,Cicindela campestris,Cylindera germanica
database/4475902/d103s0211.jpg,Patrobus atrorufus,Bembidion lunatum,Patrobus atrorufus,Bembidion deletum,Patrobus atrorufus
database/4476667/d061s0059.jpg,Trechus quadristriatus,Trechus quadristriatus,Trechus quadristriatus,Trechus quadristriatus,Trechus quadristriatus
database/8236590/d059s0124.jpg,Trechus fulvus,Trechus fulvus,Trechus fulvus,Trechus fulvus,Trechus fulvus
database/5757120/d209s0023.jpg,Cymindis axillaris,Cymindis axillaris,Cymindis axillaris,Cymindis axillaris,Bembidion saxatile
database/5873525/d053s0522.jpg,Dyschirius aeneus,Bradycellus ruficollis,Dyschirius politus,Bembidion minimum,Dyschirius politus
database/4474146/d139s0630.jpg,Oxypselaphus obscurus,Oxypselaphus obscurus,Oxypselaphus obscurus,Dicheirotrichus placidus,Oxypselaphus obscurus
database/1037633/d198s0066.jpg,Acupalpus meridianus,Acupalpus meridianus,Acupalpus meridianus,Acupalpus meridianus,Acupalpus meridianus
database/4474998/d190s0073.jpg,Anisodactylus nemorivagus,Anisodactylus binotatus,Anisodactylus binotatus,Anisodactylus binotatus,Anisodactylus binotatus
database/5754974/d142s0456.jpg,Anchomenus dorsalis,Anchomenus dorsalis,Anchomenus dorsalis,Anchomenus dorsalis,Anchomenus dorsalis
database/9377664/d071s0158.jpg,Bembidion obliquum,Bembidion obliquum,Bembidion obliquum,Bembidion assimile,Bembidion obliquum
database/4479052/d082s0285.jpg,Bembidion illigeri,Bembidion schueppelii,Bembidion nigropiceum,Bembidion ephippium,Bembidion quadrimaculatum
database/8047965/d084s0210.jpg,Bembidion clarkei,Dyschirius obscurus,Bembidion clarkei,Bembidion clarkei,Ocys quinquestriatus
database/5755950/d196s0308.jpg,Stenolophus teutonus,Stenolophus teutonus,Stenolophus teutonus,Stenolophus teutonus,Stenolophus teutonus
database/5755969/d193s0504.jpg,Bradycellus caucasicus,Dyschirius thoracicus,Bradycellus caucasicus,Acupalpus dubius,Bradycellus caucasicus
database/5755060/d151s0221.jpg,Agonum emarginatum,Agonum emarginatum,Agonum emarginatum,Agonum emarginatum,Agonum emarginatum
database/5872124/d087s0241.jpg,Bembidion articulatum,Bembidion quadripustulatum,Bembidion articulatum,Bembidion mannerheimii,Bembidion mannerheimii
database/5757155/d209s0053.jpg,Cymindis vaporariorum,Cymindis vaporariorum,Cymindis vaporariorum,Cymindis vaporariorum,Cymindis vaporariorum
database/4471071/d019s0050.jpg,Carabus nitens,Carabus nitens,Carabus nitens,Carabus nitens,Carabus nitens
database/6097885/d082s0094.jpg,Sinechostictus stomoides,Trechus obtusus,Sinechostictus stomoides,Badister dilatatus,Sinechostictus stomoides
database/5755075/d155s0164.jpg,Agonum viduum,Asaphidion curtum,Agonum gracile,Agonum nigrum,Bembidion geniculatum
database/4472897/d160s0078.jpg,Amara convexior,Amara convexior,Amara convexior,Amara convexior,Amara convexior
database/8378220/d183s0074.jpg,Harpalus serripes,Harpalus rubripes,Harpalus serripes,Harpalus anxius,Harpalus serripes
database/4473617/d037s0309.jpg,Nebria rufescens,Nebria rufescens,Nebria rufescens,Nebria rufescens,Nebria rufescens
database/5756021/d205s0070.jpg,Badister sodalis,Badister sodalis,Badister sodalis,Badister sodalis,Badister sodalis
database/5753757/d107s0111.jpg,Poecilus kugelanni,Poecilus kugelanni,Poecilus kugelanni,Poecilus kugelanni,Poecilus kugelanni
database/1035290/d050s0451.jpg,Loricera pilicornis,Pterostichus oblongopunctatus,Loricera pilicornis,Anthracus consputus,Loricera pilicornis
database/5872109/d065s0368.jpg,Ocys harpaloides,Bembidion varium,Ocys harpaloides,Bradycellus caucasicus,Ocys harpaloides
database/4308807/d072s0095.jpg,Bembidion ephippium,Bembidion ephippium,Bembidion ephippium,Bembidion ephippium,Bembidion ephippium
database/6097897/d044s0246.jpg,Notiophilus quadripunctatus,Notiophilus biguttatus,Notiophilus quadripunctatus,Notiophilus biguttatus,Notiophilus quadripunctatus
database/4474998/d190s0212.jpg,Anisodactylus nemorivagus,Anisodactylus nemorivagus,Anisodactylus nemorivagus,Oodes helopioides,Anisodactylus nemorivagus
database/1035931/d080s0587.jpg,Bembidion tetracolum,Bembidion maritimum,Bembidion tetracolum,Bembidion femoratum,Bembidion tetracolum
database/5023058/d044s0238.jpg,Notiophilus rufipes,Notiophilus rufipes,Notiophilus rufipes,Notiophilus rufipes,Notiophilus rufipes
database/4988354/d133s0068.jpg,Calathus melanocephalus,Notiophilus rufipes,Calathus melanocephalus,Calathus melanocephalus,Calathus melanocephalus
database/6097883/d071s0469.jpg,Bembidion varium,Bembidion iricolor,Bembidion varium,Bembidion iricolor,Bembidion punctulatum
database/4471202/d206s0270.jpg,Masoreus wetterhallii,Masoreus wetterhallii,Masoreus wetterhallii,Bradycellus caucasicus,Masoreus wetterhallii
database/4475128/d187s0135.jpg,Ophonus schaubergerianus,Calathus ambiguus,Ophonus schaubergerianus,Ophonus schaubergerianus,Harpalus rubripes
database/1037293/d062s0107.jpg,Trechus rubens,Trechus rubens,Trechus rubens,Badister dilatatus,Trechus rubens
database/6097879/d077s0344.jpg,Bembidion femoratum,Bembidion femoratum,Bembidion femoratum,Bembidion femoratum,Bembidion maritimum
database/5872119/d069s0259.jpg,Bembidion punctulatum,Bembidion nigricorne,Bembidion bualei,Bembidion articulatum,Bembidion stephensii
database/4471113/d020s0075.jpg,Carabus glabratus,Carabus glabratus,Carabus glabratus,Carabus glabratus,Carabus glabratus
database/6097861/d054s0056.jpg,Dyschirius nitidus,Dyschirius nitidus,Dyschirius nitidus,Dyschirius nitidus,Dyschirius nitidus
database/9027622/d160s0249.jpg,Amara curta,Amara apricaria,Amara curta,Amara anthobia,Amara lucida
database/7683246/d063s0027.jpg,Tachys micros,Tachys micros,Tachys micros,Bembidion lunulatum,Tachys micros
database/8236590/d059s0088.jpg,Trechus fulvus,Elaphropus bistriatus,Trechus fulvus,Bembidion articulatum,Trechus fulvus
database/8186956/d116s0027.jpg,Pterostichus adstrictus,Pterostichus adstrictus,Pterostichus adstrictus,Harpalus dimidiatus,Pterostichus adstrictus
database/6097896/d043s0018.jpg,Notiophilus germinyi,Notiophilus aquaticus,Notiophilus germinyi,Asaphidion flavipes,Notiophilus aquaticus
database/4473319/d047s0183.jpg,Elaphrus cupreus,Bradycellus ruficollis,Elaphrus cupreus,Bembidion prasinum,Dyschirius impunctipennis
database/4480485/d001s0137.jpg,Cicindela campestris,Cicindela campestris,Cicindela campestris,Cicindela campestris,Cicindela campestris
database/4472884/d162s0274.jpg,Amara lucida,Amara lucida,Amara lucida,Amara aenea,Amara lucida
database/4474169/d140s0236.jpg,Paranchus albipes,Paranchus albipes,Paranchus albipes,Pogonus chalceus,Calathus rotundicollis
database/4479052/d082s0255.jpg,Bembidion illigeri,Bembidion varium,Bembidion illigeri,Bembidion ephippium,Bembidion illigeri
database/6097865/d072s0199.jpg,Bembidion prasinum,Bembidion bruxellense,Bembidion punctulatum,Bembidion atrocaeruleum,Bembidion tibiale
database/1036893/d051s0158.jpg,Clivina fossor,Clivina collaris,Clivina fossor,Bembidion punctulatum,Clivina fossor
database/1037633/d199s0018.jpg,Acupalpus meridianus,Acupalpus brunnipes,Acupalpus meridianus,Acupalpus brunnipes,Trechus obtusus
database/4480302/d210s0090.jpg,Paradromius linearis,Paradromius linearis,Paradromius linearis,Paradromius linearis,Paradromius linearis
database/6097867/d101s0038.jpg,Bembidion mannerheimii,Bembidion mannerheimii,Bembidion mannerheimii,Bembidion mannerheimii,Bembidion nigricorne
database/5756015/d204s0533.jpg,Badister unipustulatus,Badister unipustulatus,Badister unipustulatus,Badister unipustulatus,Badister unipustulatus
database/5757211/d211s0213.jpg,Dromius meridionalis,Dyschirius globosus,Dromius meridionalis,Bembidion iricolor,Blemus discus
database/1036203/d067s0244.jpg,Bembidion properans,Bembidion properans,Bembidion properans,Bembidion mannerheimii,Bembidion properans
database/5872127/d074s0210.jpg,Bembidion tibiale,Bembidion lunatum,Bembidion tibiale,Agonum thoreyi,Bembidion tibiale
database/1035204/d159s0302.jpg,Amara anthobia,Amara bifrons,Amara bifrons,Amara aenea,Amara curta
database/4476832/d062s0032.jpg,Trechoblemus micros,Trechoblemus micros,Trechoblemus micros,Trechoblemus micros,Trechoblemus micros
database/4472929/d167s0066.jpg,Amara infima,Amara tibialis,Amara infima,Acupalpus brunnipes,Amara infima
database/4475157/d186s0296.jpg,Ophonus laticollis,Calathus mollis,Ophonus laticollis,Calathus rotundicollis,Ophonus laticollis
database/5755060/d151s0090.jpg,Agonum emarginatum,Agonum emarginatum,Agonum emarginatum,Agonum emarginatum,Agonum emarginatum
database/7419401/d185s0083.jpg,Harpalus tenebrosus,Harpalus tenebrosus,Ophonus azureus,Harpalus tenebrosus,Pterostichus aethiops
database/4472900/d161s0033.jpg,Amara famelica,Amara eurynota,Amara famelica,Amara famelica,Amara eurynota
database/8307815/d116s0231.jpg,Pterostichus quadrifoveolatus,Pterostichus strenuus,Pterostichus quadrifoveolatus,Pterostichus gracilis,Pterostichus gracilis
database/7582513/d063s0162.jpg,Elaphropus bistriatus,Elaphropus walkerianus,Elaphropus walkerianus,Elaphropus walkerianus,Elaphropus walkerianus
database/7639821/d070s0571.jpg,Bembidion dentellum,Bembidion dentellum,Bembidion dentellum,Bembidion saxatile,Bembidion varium
database/6097864/d070s0318.jpg,Bembidion bipunctatum,Bembidion atrocaeruleum,Bembidion bipunctatum,Bembidion ephippium,Bembidion prasinum
database/1035929/d079s0042.jpg,Bembidion testaceum,Bembidion testaceum,Bembidion testaceum,Bembidion deletum,Bembidion testaceum
database/8423772/d119s0104.jpg,Pterostichus anthracinus,Pterostichus anthracinus,Pterostichus anthracinus,Pterostichus quadrifoveolatus,Pterostichus anthracinus
database/5873220/d176s0278.jpg,Harpalus anxius,Calathus mollis,Harpalus anxius,Harpalus anxius,Harpalus anxius
database/5753653/d202s0167.jpg,Oodes helopioides,Oodes helopioides,Oodes helopioides,Oodes helopioides,Oodes helopioides
database/5755322/d129s0193.jpg,Calathus cinctus,Calathus cinctus,Calathus cinctus,Calathus cinctus,Calathus cinctus
database/1035929/d079s0057.jpg,Bembidion testaceum,Bembidion testaceum,Bembidion testaceum,Bembidion testaceum,Bembidion testaceum
database/5873220/d176s0004.jpg,Harpalus anxius,Harpalus pumilus,Harpalus anxius,Harpalus anxius,Harpalus anxius
database/5872109/d065s0391.jpg,Ocys harpaloides,Ocys harpaloides,Ocys harpaloides,Ocys harpaloides,Ocys harpaloides
database/5756015/d204s0512.jpg,Badister unipustulatus,Badister unipustulatus,Badister unipustulatus,Badister unipustulatus,Badister unipustulatus
database/4474146/d139s0330.jpg,Oxypselaphus obscurus,Oxypselaphus obscurus,Oxypselaphus obscurus,Anchomenus dorsalis,Oxypselaphus obscurus
database/8051076/d033s0054.jpg,Nebria livida,Carabus granulatus,Nebria livida,Nebria livida,Carabus granulatus
database/6097886/d078s0253.jpg,Bembidion lunatum,Bembidion lunatum,Bembidion femoratum,Bembidion femoratum,Dyschirius obscurus
database/5753720/d108s0046.jpg,Poecilus versicolor,Poecilus versicolor,Poecilus versicolor,Poecilus versicolor,Nebria salina
database/4475757/d192s0090.jpg,Dicheirotrichus cognatus,Dicheirotrichus cognatus,Dicheirotrichus cognatus,Dicheirotrichus cognatus,Dicheirotrichus cognatus
database/5756368/d102s0634.jpg,Pogonus luridipennis,Pogonus luridipennis,Pogonus luridipennis,Pogonus luridipennis,Pogonus luridipennis
database/5753725/d107s0162.jpg,Poecilus lepidus,Poecilus lepidus,Poecilus lepidus,Poecilus kugelanni,Poecilus lepidus
database/4475128/d187s0086.jpg,Ophonus schaubergerianus,Calathus mollis,Ophonus schaubergerianus,Harpalus tenebrosus,Ophonus schaubergerianus
database/5872954/d009s0030.jpg,Calosoma inquisitor,Poecilus lepidus,Calosoma inquisitor,Calosoma inquisitor,Calosoma inquisitor
database/9414758/d203s0196.jpg,Licinus depressus,Licinus depressus,Licinus depressus,Licinus depressus,Licinus depressus
database/6097930/d059s0051.jpg,Epaphius secalis,Asaphidion curtum,Epaphius secalis,Trechus quadristriatus,Asaphidion curtum
database/6097927/d180s0163.jpg,Harpalus neglectus,Harpalus neglectus,Harpalus neglectus,Harpalus neglectus,Harpalus tardus
database/4475127/d187s0051.jpg,Ophonus melletii,Ophonus melletii,Ophonus melletii,Leistus fulvibarbis,Ophonus melletii
database/4475181/d188s0341.jpg,Ophonus rupicola,Calathus erratus,Ophonus rupicola,Dicheirotrichus obsoletus,Ophonus rupicola
database/4471269/d112s0130.jpg,Pedius longicollis,Pedius longicollis,Pedius longicollis,Pedius longicollis,Pedius longicollis
database/1036917/d190s0149.jpg,Anisodactylus binotatus,Harpalus attenuatus,Anisodactylus binotatus,Anisodactylus binotatus,Harpalus dimidiatus
database/5757304/d208s0112.jpg,Demetrias imperialis,Demetrias imperialis,Demetrias imperialis,Demetrias monostigma,Demetrias imperialis
database/5873357/d201s0015.jpg,Chlaenius vestitus,Harpalus affinis,Chlaenius vestitus,Olisthopus rotundatus,Chlaenius vestitus
database/5755011/d152s0013.jpg,Agonum marginatum,Agonum marginatum,Agonum marginatum,Agonum marginatum,Agonum marginatum
database/5755952/d196s0212.jpg,Stenolophus mixtus,Stenolophus mixtus,Stenolophus mixtus,Stenolophus mixtus,Stenolophus mixtus
database/6097892/d085s0477.jpg,Bembidion normannum,Bembidion normannum,Bembidion normannum,Bembidion normannum,Bembidion normannum
database/6097862/d054s0606.jpg,Dyschirius politus,Dyschirius politus,Dyschirius politus,Dyschirius politus,Dyschirius politus
database/4470801/d015s0066.jpg,Carabus monilis,Carabus monilis,Carabus monilis,Carabus monilis,Carabus monilis
database/4470539/d010s0004.jpg,Carabus clatratus,Carabus clatratus,Carabus clatratus,Calosoma inquisitor,Carabus clatratus
database/5755982/d195s0325.jpg,Bradycellus verbasci,Bradycellus verbasci,Bradycellus verbasci,Bradycellus verbasci,Bradycellus verbasci
database/1035167/d162s0249.jpg,Amara lunicollis,Amara lunicollis,Amara lunicollis,Amara lunicollis,Amara lunicollis
database/4478695/d064s0534.jpg,Asaphidion pallipes,Asaphidion flavipes,Asaphidion pallipes,Asaphidion stierlini,Asaphidion pallipes
database/4475140/d189s0080.jpg,Ophonus rufibarbis,Bembidion prasinum,Ophonus rupicola,Bembidion atrocaeruleum,Ophonus melletii
database/5756374/d102s0413.jpg,Pogonus chalceus,Pogonus chalceus,Pogonus chalceus,Pogonus chalceus,Pogonus chalceus
